scale,sleep_hours,soreness,temp_c,humidity,session_mins,intensity,hr_rest,hr_avg,distance_km,pace_min_per_km,calories_in,activity_calories,caloric_balance,water_intake_L,sweat_loss_L,bmr,vo2max,body_mass,fatigue_score,RF,GB,MLP,Ensemble
0.8,6.4,2.4000000000000004,20.0,0.52,48.0,5.6000000000000005,48.0,112.0,8.0,4.800000000000001,2000.0,640.0,-240.0,2.0,1.6,1360.0,40.0,60.0,4.0,25.591366666666673,15.323840769743027,147.01437085096262,62.64319276245744
1.0,8.0,3.0,25.0,0.65,60.0,7.0,60.0,140.0,10.0,6.0,2500.0,800.0,-300.0,2.5,2.0,1700.0,50.0,75.0,5.0,31.23909999999998,23.179495763059645,176.48561131064528,76.96806902456831
1.2,9.6,3.5999999999999996,30.0,0.78,72.0,8.4,72.0,168.0,12.0,7.199999999999999,3000.0,960.0,-360.0,3.0,2.4,2040.0,60.0,90.0,6.0,31.496299999999955,32.925345142750295,205.8179918928932,90.07987901188115
